record_type,method,model,setting,source_dataset,target_dataset,split,count,mae_bpm,rmse_bpm,pearson_r,within_3bpm_percent,within_5bpm_percent,within_10bpm_percent,label_mean_bpm,pred_mean_bpm,json_path
overall,Pseudo-label Adaptation + Temporal Confidence Weighting,cycleformer,pseudo_label_adaptation,FTU,BGT60TR13C,,556,11.089056673667415,11.685014836881258,-0.03924161678156374,0.8992805755395683,3.776978417266187,39.02877697841727,83.61278048179132,72.5237238081239,/Radar_Vital_Signs/experiment_runs/cycleformer_2026-06-23/results/pseudo_adaptation/cycleformer_ftu_to_bgt60tr13c/summary.json
overall,Pseudo-label Adaptation + Temporal Confidence Weighting,cycleformer,pseudo_label_adaptation,FTU,PhysDrive,,744,10.255565684328797,12.692813405268666,0.03265895811916875,17.741935483870968,36.155913978494624,54.973118279569896,73.02896617561258,72.97390177942091,/Radar_Vital_Signs/experiment_runs/cycleformer_2026-06-23/results/pseudo_adaptation/cycleformer_ftu_to_physdrive/summary.json
overall,FFT,FFT,signal_baseline,,BGT60TR13C,test,556,38.11623020309339,44.65349380502843,-0.03435903178911229,1.618705035971223,3.9568345323741005,9.352517985611511,83.61278048179132,86.13702787769785,/Radar_Vital_Signs/experiment_runs/cycleformer_2026-06-23/results/signal_baselines/fft_bgt60tr13c_test.json
overall,FFT,FFT,signal_baseline,,FTU,test,704,35.374126022512264,46.207678023603876,-0.16096927199100156,10.227272727272727,14.204545454545455,21.164772727272727,77.50005028464578,90.8203125,/Radar_Vital_Signs/experiment_runs/cycleformer_2026-06-23/results/signal_baselines/fft_ftu_test.json
overall,FFT,FFT,signal_baseline,,PhysDrive,test,744,22.762412758283716,26.336051311436744,-0.04303755798817742,5.510752688172043,10.21505376344086,19.086021505376344,73.02896617561258,54.977318548387096,/Radar_Vital_Signs/experiment_runs/cycleformer_2026-06-23/results/signal_baselines/fft_physdrive_test.json
overall,STFT,STFT,signal_baseline,,BGT60TR13C,test,556,33.24616573525847,41.72184129438052,-0.13625065625857222,1.2589928057553956,3.237410071942446,22.66187050359712,83.61278048179132,106.46357913669065,/Radar_Vital_Signs/experiment_runs/cycleformer_2026-06-23/results/signal_baselines/stft_bgt60tr13c_test.json
overall,STFT,STFT,signal_baseline,,FTU,test,704,30.584914922714233,40.617689310494725,-0.25437896410468436,12.926136363636363,16.90340909090909,26.27840909090909,77.50005028464578,97.21235795454545,/Radar_Vital_Signs/experiment_runs/cycleformer_2026-06-23/results/signal_baselines/stft_ftu_test.json
overall,STFT,STFT,signal_baseline,,PhysDrive,test,744,17.385437124518937,20.964779424963687,3.9907223641045626e-05,9.811827956989248,14.919354838709678,30.77956989247312,73.02896617561258,59.274193548387096,/Radar_Vital_Signs/experiment_runs/cycleformer_2026-06-23/results/signal_baselines/stft_physdrive_test.json
overall,cycleformer,cycleformer,source_only_or_within,FTU,BGT60TR13C,test,556,11.120271229915481,11.714811664767664,-0.06683735681333743,0.8992805755395683,3.776978417266187,38.669064748201436,83.61278048179132,72.49250925187584,/Radar_Vital_Signs/experiment_runs/cycleformer_2026-06-23/results/source_only/cycleformer_ftu_to_bgt60tr13c_test.json
overall,cycleformer,cycleformer,source_only_or_within,FTU,FTU,test,704,4.988687504421581,6.057785515005469,0.3347044404174352,36.07954545454545,55.39772727272727,91.9034090909091,77.50005028464578,72.71656705032696,/Radar_Vital_Signs/experiment_runs/cycleformer_2026-06-23/results/source_only/cycleformer_ftu_to_ftu_test.json
overall,cycleformer,cycleformer,source_only_or_within,FTU,PhysDrive,test,744,10.27983630600796,12.69217115083202,0.028981735740238785,20.026881720430108,35.61827956989247,55.51075268817204,73.02896617561258,72.91268005166002,/Radar_Vital_Signs/experiment_runs/cycleformer_2026-06-23/results/source_only/cycleformer_ftu_to_physdrive_test.json
overall,cycleformer,cycleformer_v3,source_only_or_within,FTU,BGT60TR13C,test,556,8.661650472407718,9.478001046466344,-0.060748075642614745,6.115107913669065,17.62589928057554,66.54676258992805,83.61278048179132,74.95723764158839,/Radar_Vital_Signs/experiment_runs/cycleformer_2026-06-23/results/source_only/cycleformer_v3_ftu_to_bgt60tr13c_test.json
overall,cycleformer,cycleformer_v3,source_only_or_within,FTU,FTU,test,704,4.193842931227251,5.410169131515591,-0.19681072420322362,45.73863636363637,66.76136363636364,91.61931818181819,77.50005028464578,74.22002928907222,/Radar_Vital_Signs/experiment_runs/cycleformer_2026-06-23/results/source_only/cycleformer_v3_ftu_to_ftu_test.json
overall,cycleformer,cycleformer_v3,source_only_or_within,FTU,PhysDrive,test,744,10.365277249325988,12.870771055663633,-0.04944087563981238,21.102150537634408,32.795698924731184,54.435483870967744,73.02896617561258,72.784758803665,/Radar_Vital_Signs/experiment_runs/cycleformer_2026-06-23/results/source_only/cycleformer_v3_ftu_to_physdrive_test.json
overall,cycleformer,cycleformer_v3_small,source_only_or_within,FTU,BGT60TR13C,test,556,6.616423750952851,7.741110093081684,-0.021414704364548134,19.60431654676259,39.02877697841727,81.11510791366906,83.61278048179132,77.19631835882612,/Radar_Vital_Signs/experiment_runs/cycleformer_2026-06-23/results/source_only/cycleformer_v3_small_ftu_to_bgt60tr13c_test.json
overall,cycleformer,cycleformer_v3_small,source_only_or_within,FTU,FTU,test,704,3.4252702214501123,4.308171617738586,0.16575168833800324,52.84090909090909,76.8465909090909,97.72727272727273,77.50005028464578,76.50035167824139,/Radar_Vital_Signs/experiment_runs/cycleformer_2026-06-23/results/source_only/cycleformer_v3_small_ftu_to_ftu_test.json
overall,cycleformer,cycleformer_v3_small,source_only_or_within,FTU,PhysDrive,test,744,11.164165096898232,13.56467786728323,0.02230624381380924,15.456989247311828,27.553763440860216,49.193548387096776,73.02896617561258,76.676023421749,/Radar_Vital_Signs/experiment_runs/cycleformer_2026-06-23/results/source_only/cycleformer_v3_small_ftu_to_physdrive_test.json
overall,patchtst,patchtst,source_only_or_within,FTU,BGT60TR13C,test,556,11.3867794695518,12.089796499621663,-0.03969488945769524,1.2589928057553956,5.755395683453237,37.23021582733813,83.61278048179132,72.22600101223952,/Radar_Vital_Signs/experiment_runs/cycleformer_2026-06-23/results/source_only/patchtst_ftu_to_bgt60tr13c_test.json
overall,patchtst,patchtst,source_only_or_within,FTU,FTU,test,704,5.752585877071727,6.838037560307641,0.07210563777890595,28.835227272727273,48.01136363636363,86.78977272727273,77.50005028464578,71.95560861717571,/Radar_Vital_Signs/experiment_runs/cycleformer_2026-06-23/results/source_only/patchtst_ftu_to_ftu_test.json
overall,patchtst,patchtst,source_only_or_within,FTU,PhysDrive,test,744,10.237539250363586,12.669443382938061,0.08919567516362152,18.817204301075268,34.543010752688176,54.03225806451613,73.02896617561258,72.2859102167109,/Radar_Vital_Signs/experiment_runs/cycleformer_2026-06-23/results/source_only/patchtst_ftu_to_physdrive_test.json
overall,tcn,tcn,source_only_or_within,FTU,BGT60TR13C,test,556,8.850682224301126,9.733991511367828,-0.031697088107535736,7.374100719424461,17.985611510791365,62.94964028776978,83.61278048179132,74.77504479113243,/Radar_Vital_Signs/experiment_runs/cycleformer_2026-06-23/results/source_only/tcn_ftu_to_bgt60tr13c_test.json
overall,tcn,tcn,source_only_or_within,FTU,FTU,test,704,3.865552793849598,4.947684548677889,0.15241534518983613,48.4375,69.0340909090909,96.44886363636364,77.50005028464578,74.6230697631836,/Radar_Vital_Signs/experiment_runs/cycleformer_2026-06-23/results/source_only/tcn_ftu_to_ftu_test.json
overall,tcn,tcn,source_only_or_within,FTU,PhysDrive,test,744,10.552204296153079,12.927876712642307,0.05573346462200853,22.043010752688172,30.107526881720432,53.494623655913976,73.02896617561258,74.4326690653319,/Radar_Vital_Signs/experiment_runs/cycleformer_2026-06-23/results/source_only/tcn_ftu_to_physdrive_test.json
overall,timesnet,timesnet,source_only_or_within,FTU,BGT60TR13C,test,556,11.009924675920884,11.769610397450036,-0.05700523867860922,1.2589928057553956,7.194244604316546,39.568345323741006,83.61278048179132,72.61859593288504,/Radar_Vital_Signs/experiment_runs/cycleformer_2026-06-23/results/source_only/timesnet_ftu_to_bgt60tr13c_test.json
overall,timesnet,timesnet,source_only_or_within,FTU,FTU,test,704,5.143713907762007,6.340954901586206,0.08775037826648524,35.79545454545455,53.55113636363637,89.20454545454545,77.50005028464578,72.71307730674744,/Radar_Vital_Signs/experiment_runs/cycleformer_2026-06-23/results/source_only/timesnet_ftu_to_ftu_test.json
overall,timesnet,timesnet,source_only_or_within,FTU,PhysDrive,test,744,10.50194271661902,12.908758878562656,-0.028411590965622728,19.892473118279568,30.64516129032258,51.61290322580645,73.02896617561258,72.48275051322035,/Radar_Vital_Signs/experiment_runs/cycleformer_2026-06-23/results/source_only/timesnet_ftu_to_physdrive_test.json
overall,transformer,transformer,source_only_or_within,FTU,BGT60TR13C,test,556,9.929172282596285,10.59411474630003,-0.030283310072834444,2.5179856115107913,7.913669064748201,51.2589928057554,83.61278048179132,73.68360819919504,/Radar_Vital_Signs/experiment_runs/cycleformer_2026-06-23/results/source_only/transformer_ftu_to_bgt60tr13c_test.json
overall,transformer,transformer,source_only_or_within,FTU,FTU,test,704,4.034207636659795,5.132241665108266,0.32844600226631016,46.16477272727273,66.33522727272727,95.17045454545455,77.50005028464578,73.95097447525372,/Radar_Vital_Signs/experiment_runs/cycleformer_2026-06-23/results/source_only/transformer_ftu_to_ftu_test.json
overall,transformer,transformer,source_only_or_within,FTU,PhysDrive,test,744,10.297669256887128,12.741545327464404,0.020517971248731674,22.311827956989248,34.005376344086024,54.83870967741935,73.02896617561258,74.07679103523172,/Radar_Vital_Signs/experiment_runs/cycleformer_2026-06-23/results/source_only/transformer_ftu_to_physdrive_test.json
